{
  "model": "gemini/gemini-3.1-flash-lite",
  "config": {
    "n_boards": 10,
    "samples": 200,
    "families": [
      "A",
      "C",
      "D"
    ]
  },
  "pairs": [
    {
      "pair_id": 2,
      "seed_a": 1004,
      "seed_b": 1005,
      "target_a": [
        0,
        3
      ],
      "target_b": [
        2,
        3
      ],
      "gt_p_a": 0.6,
      "gt_p_b": 0.5,
      "conditions": {
        "U1_A": {
          "n_valid": 200,
          "p_a": 0.445,
          "p_b": 0.525,
          "p_ab": 0.195,
          "delta": 0.03862500000000002
        },
        "U1_C": {
          "n_valid": 200,
          "p_a": 0.49,
          "p_b": 0.505,
          "p_ab": 0.295,
          "delta": 0.04754999999999998
        },
        "U1_D": {
          "n_valid": 200,
          "p_a": 0.46,
          "p_b": 0.455,
          "p_ab": 0.185,
          "delta": 0.024300000000000016
        }
      }
    },
    {
      "pair_id": 3,
      "seed_a": 1006,
      "seed_b": 1007,
      "target_a": [
        0,
        0
      ],
      "target_b": [
        0,
        0
      ],
      "gt_p_a": 0.3333333333333333,
      "gt_p_b": 0.25,
      "conditions": {
        "U1_A": {
          "n_valid": 200,
          "p_a": 0.53,
          "p_b": 0.515,
          "p_ab": 0.29,
          "delta": 0.017049999999999954
        },
        "U1_C": {
          "n_valid": 200,
          "p_a": 0.5,
          "p_b": 0.475,
          "p_ab": 0.255,
          "delta": 0.017500000000000016
        },
        "U1_D": {
          "n_valid": 200,
          "p_a": 0.505,
          "p_b": 0.53,
          "p_ab": 0.29,
          "delta": 0.02234999999999998
        }
      }
    },
    {
      "pair_id": 4,
      "seed_a": 1008,
      "seed_b": 1009,
      "target_a": [
        0,
        0
      ],
      "target_b": [
        0,
        0
      ],
      "gt_p_a": 0.1111111111111111,
      "gt_p_b": 0.75,
      "conditions": {
        "U1_A": {
          "n_valid": 200,
          "p_a": 0.43,
          "p_b": 0.495,
          "p_ab": 0.225,
          "delta": 0.012150000000000022
        },
        "U1_C": {
          "n_valid": 200,
          "p_a": 0.51,
          "p_b": 0.54,
          "p_ab": 0.27,
          "delta": 0.005400000000000016
        },
        "U1_D": {
          "n_valid": 200,
          "p_a": 0.515,
          "p_b": 0.425,
          "p_ab": 0.21,
          "delta": 0.008874999999999994
        }
      }
    },
    {
      "pair_id": 5,
      "seed_a": 1010,
      "seed_b": 1011,
      "target_a": [
        4,
        0
      ],
      "target_b": [
        0,
        0
      ],
      "gt_p_a": 0.5,
      "gt_p_b": 0.14285714285714285,
      "conditions": {
        "U1_A": {
          "n_valid": 200,
          "p_a": 0.56,
          "p_b": 0.51,
          "p_ab": 0.305,
          "delta": 0.019399999999999973
        },
        "U1_C": {
          "n_valid": 200,
          "p_a": 0.45,
          "p_b": 0.465,
          "p_ab": 0.195,
          "delta": 0.014250000000000013
        },
        "U1_D": {
          "n_valid": 200,
          "p_a": 0.475,
          "p_b": 0.495,
          "p_ab": 0.215,
          "delta": 0.020125000000000004
        }
      }
    },
    {
      "pair_id": 7,
      "seed_a": 1014,
      "seed_b": 1015,
      "target_a": [
        0,
        0
      ],
      "target_b": [
        0,
        4
      ],
      "gt_p_a": 0.25,
      "gt_p_b": 0.6666666666666666,
      "conditions": {
        "U1_A": {
          "n_valid": 200,
          "p_a": 0.51,
          "p_b": 0.51,
          "p_ab": 0.295,
          "delta": 0.03489999999999999
        },
        "U1_C": {
          "n_valid": 200,
          "p_a": 0.51,
          "p_b": 0.45,
          "p_ab": 0.21,
          "delta": 0.019500000000000017
        },
        "U1_D": {
          "n_valid": 200,
          "p_a": 0.54,
          "p_b": 0.51,
          "p_ab": 0.26,
          "delta": 0.015400000000000025
        }
      }
    },
    {
      "pair_id": 8,
      "seed_a": 1016,
      "seed_b": 1017,
      "target_a": [
        3,
        0
      ],
      "target_b": [
        0,
        0
      ],
      "gt_p_a": 0.25,
      "gt_p_b": 0.1,
      "conditions": {
        "U1_A": {
          "n_valid": 200,
          "p_a": 0.44,
          "p_b": 0.475,
          "p_ab": 0.185,
          "delta": 0.023999999999999994
        },
        "U1_C": {
          "n_valid": 200,
          "p_a": 0.54,
          "p_b": 0.495,
          "p_ab": 0.245,
          "delta": 0.022300000000000042
        },
        "U1_D": {
          "n_valid": 200,
          "p_a": 0.585,
          "p_b": 0.49,
          "p_ab": 0.32,
          "delta": 0.033350000000000046
        }
      }
    },
    {
      "pair_id": 9,
      "seed_a": 1018,
      "seed_b": 1019,
      "target_a": [
        3,
        0
      ],
      "target_b": [
        0,
        0
      ],
      "gt_p_a": 0.3333333333333333,
      "gt_p_b": 0.3,
      "conditions": {
        "U1_A": {
          "n_valid": 200,
          "p_a": 0.555,
          "p_b": 0.505,
          "p_ab": 0.305,
          "delta": 0.02472499999999994
        },
        "U1_C": {
          "n_valid": 200,
          "p_a": 0.51,
          "p_b": 0.465,
          "p_ab": 0.23,
          "delta": 0.0071500000000000175
        },
        "U1_D": {
          "n_valid": 200,
          "p_a": 0.525,
          "p_b": 0.505,
          "p_ab": 0.24,
          "delta": 0.02512500000000001
        }
      }
    }
  ]
}